[
  {
    "value": "ASSET_C_WALKERS",
    "synonyms": [
      "walkers",
      "amblers",
      "perambulators",
      "ramblers",
      "trampers",
      "walker"
    ]
  },
  {
    "value": "ASSET_C_COMPUTERS",
    "synonyms": [
      "computer",
      "computers",
      "CPU",
      "PC",
      "laptop"
    ]
  },
  {
    "value": "ASSET_C_PUMPS",
    "synonyms": [
      "pump",
      "pumps"
    ]
  },
  {
    "value": "ASSET_C_MONITORING",
    "synonyms": [
      "monitor",
      "monitoring",
      "scanner",
      "recorder",
      "detector"
    ]
  },
  {
    "value": "ASSET_C_WHEEL_CHAIRS",
    "synonyms": [
      "wheel chair",
      "wheel chairs",
      "wheelchair",
      "wheelchairs",
      "Bath chair",
      "rolling chair",
      "chair"
    ]
  },
  {
    "value": "ASSET_C_STRETCHERS",
    "synonyms": [
      "Stretchers",
      "stretcher",
      "pallet",
      "cot",
      "litter"
    ]
  },
  {
    "value": "ASSET_C_MATTRESS",
    "synonyms": [
      "mattress",
      "cushion",
      "futon",
      "springs"
    ]
  },
  {
    "value": "ASSET_C_LUGGAGE",
    "synonyms": [
      "luggage",
      "baggage",
      "gear",
      "belongings"
    ]
  },
  {
    "value": "ASSET_C_MOBILE_XRAY",
    "synonyms": [
      "xray"
    ]
  }
]