[
  {
    "value": "general practitioner",
    "synonyms": [
      "general practitioner",
      "general"
    ]
  },
  {
    "value": "surgeon",
    "synonyms": [
      "surgeon",
      "surgery"
    ]
  },
  {
    "value": "ophtalmologist",
    "synonyms": [
      "ophtalmologist",
      "eye doctor",
      "eye specialist",
      "ophtalmo",
      "eye"
    ]
  },
  {
    "value": "ent",
    "synonyms": [
      "ent",
      "ear",
      "nose",
      "throat"
    ]
  },
  {
    "value": "cleaning",
    "synonyms": [
      "cleaning",
      "staff",
      "cleaner"
    ]
  },
  {
    "value": "nurse",
    "synonyms": [
      "nurse",
      "practical nurse",
      "nursing orderly"
    ]
  }
]