[
  {
    "id": "b070a10b-19d4-4a05-ac26-d85016c83145",
    "data": [
      {
        "text": "who is the ",
        "userDefined": false
      },
      {
        "text": "first",
        "meta": "@sys.ignore",
        "userDefined": false
      },
      {
        "text": " ",
        "userDefined": false
      },
      {
        "text": "ent",
        "alias": "Speciality",
        "meta": "@Speciality",
        "userDefined": false
      },
      {
        "text": " available ?",
        "userDefined": false
      }
    ],
    "isTemplate": false,
    "count": 0,
    "updated": 0
  },
  {
    "id": "36ff5fb1-d587-4f47-95c5-1363e068ece7",
    "data": [
      {
        "text": "In ",
        "userDefined": false
      },
      {
        "text": "second floor",
        "alias": "Floor",
        "meta": "@Floor",
        "userDefined": false
      },
      {
        "text": " room ",
        "userDefined": false
      },
      {
        "text": "22",
        "alias": "room",
        "meta": "@Room",
        "userDefined": false
      },
      {
        "text": " of ",
        "userDefined": false
      },
      {
        "text": "B07",
        "alias": "Building",
        "meta": "@Building",
        "userDefined": false
      },
      {
        "text": " a ",
        "userDefined": false
      },
      {
        "text": "nurse",
        "alias": "Speciality",
        "meta": "@Speciality",
        "userDefined": false
      },
      {
        "text": " is required.",
        "userDefined": false
      }
    ],
    "isTemplate": false,
    "count": 0,
    "updated": 0
  },
  {
    "id": "55e6c940-6a9f-4a61-a93d-5df7ea12ecfe",
    "data": [
      {
        "text": "surgeon",
        "alias": "Speciality",
        "meta": "@Speciality",
        "userDefined": false
      },
      {
        "text": " needed in ",
        "userDefined": false
      },
      {
        "text": "B07",
        "alias": "Building",
        "meta": "@Building",
        "userDefined": true
      }
    ],
    "isTemplate": false,
    "count": 0,
    "updated": 0
  },
  {
    "id": "558adf58-71ea-4930-a9e0-729300749c32",
    "data": [
      {
        "text": "An ",
        "userDefined": false
      },
      {
        "text": "ophtalmo",
        "alias": "Speciality",
        "meta": "@Speciality",
        "userDefined": false
      },
      {
        "text": " is required at ",
        "userDefined": false
      },
      {
        "text": "ground",
        "alias": "Floor",
        "meta": "@Floor",
        "userDefined": false
      },
      {
        "text": " floor.",
        "userDefined": false
      }
    ],
    "isTemplate": false,
    "count": 0,
    "updated": 0
  },
  {
    "id": "d6f044cf-cf2f-4830-a2da-f0548bb6968d",
    "data": [
      {
        "text": "A ",
        "userDefined": false
      },
      {
        "text": "nurse",
        "alias": "Speciality",
        "meta": "@Speciality",
        "userDefined": false
      },
      {
        "text": " is needed in ",
        "userDefined": false
      },
      {
        "text": "B03",
        "alias": "Building",
        "meta": "@Building",
        "userDefined": false
      },
      {
        "text": "-",
        "userDefined": false
      },
      {
        "text": "23",
        "meta": "@sys.ignore",
        "userDefined": false
      },
      {
        "text": ".",
        "userDefined": false
      }
    ],
    "isTemplate": false,
    "count": 0,
    "updated": 0
  },
  {
    "id": "99677e3c-df0c-4f3a-9802-d79e9ebda4f6",
    "data": [
      {
        "text": "Who is the nearest ",
        "userDefined": false
      },
      {
        "text": "ent",
        "alias": "Speciality",
        "meta": "@Speciality",
        "userDefined": false
      },
      {
        "text": " specialist from ",
        "userDefined": false
      },
      {
        "text": "B03",
        "alias": "Building",
        "meta": "@Building",
        "userDefined": false
      },
      {
        "text": " ?",
        "userDefined": false
      }
    ],
    "isTemplate": false,
    "count": 0,
    "updated": 0
  },
  {
    "id": "13262c94-2a44-448a-874b-eda9c3a06371",
    "data": [
      {
        "text": "Surgeon",
        "alias": "Speciality",
        "meta": "@Speciality",
        "userDefined": false
      },
      {
        "text": " in ",
        "userDefined": false
      },
      {
        "text": "B04",
        "alias": "Building",
        "meta": "@Building",
        "userDefined": false
      },
      {
        "text": "-",
        "userDefined": false
      },
      {
        "text": "23",
        "alias": "room",
        "meta": "@Room",
        "userDefined": false
      },
      {
        "text": " (",
        "userDefined": false
      },
      {
        "text": "ground",
        "alias": "Floor",
        "meta": "@Floor",
        "userDefined": false
      },
      {
        "text": ")",
        "userDefined": false
      }
    ],
    "isTemplate": false,
    "count": 0,
    "updated": 0
  },
  {
    "id": "232ab29b-eee9-4908-a4ae-e9ff86117457",
    "data": [
      {
        "text": "A ",
        "userDefined": false
      },
      {
        "text": "surgeon",
        "alias": "Speciality",
        "meta": "@Speciality",
        "userDefined": false
      },
      {
        "text": " is needed at the ",
        "userDefined": false
      },
      {
        "text": "second floor",
        "alias": "Floor",
        "meta": "@Floor",
        "userDefined": false
      },
      {
        "text": " !",
        "userDefined": false
      }
    ],
    "isTemplate": false,
    "count": 0,
    "updated": 0
  },
  {
    "id": "1a40542e-d574-4549-9615-4c67bf9478eb",
    "data": [
      {
        "text": "I\u0027m in ",
        "userDefined": false
      },
      {
        "text": "B03",
        "alias": "Building",
        "meta": "@Building",
        "userDefined": false
      },
      {
        "text": " and I need a ",
        "userDefined": false
      },
      {
        "text": "general",
        "alias": "Speciality",
        "meta": "@Speciality",
        "userDefined": false
      },
      {
        "text": " ",
        "userDefined": false
      },
      {
        "text": "practician",
        "alias": "Role",
        "meta": "@Role",
        "userDefined": false
      },
      {
        "text": ".",
        "userDefined": false
      }
    ],
    "isTemplate": false,
    "count": 0,
    "updated": 0
  },
  {
    "id": "22bb4dd6-2260-4e46-a2f0-e30acf1a0e3e",
    "data": [
      {
        "text": "Who is the closest ",
        "userDefined": false
      },
      {
        "text": "nurse",
        "alias": "Speciality",
        "meta": "@Speciality",
        "userDefined": false
      },
      {
        "text": " ?",
        "userDefined": false
      }
    ],
    "isTemplate": false,
    "count": 0,
    "updated": 0
  },
  {
    "id": "a13d8df7-c02f-4335-b486-1059ceaa2d08",
    "data": [
      {
        "text": "Where is the nearest ",
        "userDefined": false
      },
      {
        "text": "ent",
        "alias": "Speciality",
        "meta": "@Speciality",
        "userDefined": false
      },
      {
        "text": " ",
        "userDefined": false
      },
      {
        "text": "doctor",
        "meta": "@sys.ignore",
        "userDefined": false
      },
      {
        "text": " ?",
        "userDefined": false
      }
    ],
    "isTemplate": false,
    "count": 0,
    "updated": 0
  },
  {
    "id": "23244ea7-7ad1-4a6d-a8c0-65d34d49517e",
    "data": [
      {
        "text": "I need a ",
        "userDefined": false
      },
      {
        "text": "surgeon",
        "alias": "Speciality",
        "meta": "@Speciality",
        "userDefined": false
      },
      {
        "text": " in building ",
        "userDefined": false
      },
      {
        "text": "B03",
        "alias": "Building",
        "meta": "@Building",
        "userDefined": false
      },
      {
        "text": " at the ",
        "userDefined": false
      },
      {
        "text": "second floor",
        "alias": "Floor",
        "meta": "@Floor",
        "userDefined": false
      },
      {
        "text": " in room ",
        "userDefined": false
      },
      {
        "text": "23",
        "alias": "room",
        "meta": "@Room",
        "userDefined": false
      }
    ],
    "isTemplate": false,
    "count": 0,
    "updated": 0
  },
  {
    "id": "04934fd7-85a0-4739-bf8e-34860be67372",
    "data": [
      {
        "text": "Where can I find an ",
        "userDefined": false
      },
      {
        "text": "ophtalmologist",
        "alias": "Speciality",
        "meta": "@Speciality",
        "userDefined": false
      },
      {
        "text": " in building ",
        "userDefined": false
      },
      {
        "text": "B07",
        "alias": "Building",
        "meta": "@Building",
        "userDefined": true
      }
    ],
    "isTemplate": false,
    "count": 0,
    "updated": 0
  },
  {
    "id": "61a0cd5d-1bf0-44a3-b885-b980414a60ef",
    "data": [
      {
        "text": "I need a ",
        "userDefined": false
      },
      {
        "text": "surgeon",
        "alias": "Speciality",
        "meta": "@Speciality",
        "userDefined": false
      }
    ],
    "isTemplate": false,
    "count": 0,
    "updated": 0
  }
]