[
  {
    "id": "1a694e34-8d66-4636-93c9-6dcb2a81eb45",
    "data": [
      {
        "text": "Could you reset please?",
        "userDefined": false
      }
    ],
    "isTemplate": false,
    "count": 0,
    "updated": 0
  },
  {
    "id": "9a25af7c-565f-4d9a-8db5-8160251ecf84",
    "data": [
      {
        "text": "Go back to ",
        "userDefined": false
      },
      {
        "text": "normal.",
        "meta": "@sys.ignore",
        "userDefined": false
      }
    ],
    "isTemplate": false,
    "count": 0,
    "updated": 0
  },
  {
    "id": "0660bbee-e859-4dcf-a205-43a781872e5c",
    "data": [
      {
        "text": "I changed my mind.",
        "userDefined": false
      }
    ],
    "isTemplate": false,
    "count": 0,
    "updated": 0
  },
  {
    "id": "a141abc3-a274-4324-9e11-a7a1dae15055",
    "data": [
      {
        "text": "Come back to ",
        "userDefined": false
      },
      {
        "text": "normal",
        "meta": "@sys.ignore",
        "userDefined": false
      },
      {
        "text": ".",
        "userDefined": false
      }
    ],
    "isTemplate": false,
    "count": 0,
    "updated": 0
  },
  {
    "id": "59217940-0d4d-4a3d-89e9-dcee7a6ed9ba",
    "data": [
      {
        "text": "Reset",
        "userDefined": false
      }
    ],
    "isTemplate": false,
    "count": 0,
    "updated": 0
  }
]