[
  {
    "id": "7ee99e79-0d2f-4a3f-89f3-1ed93f2343d3",
    "data": [
      {
        "text": "I\u0027m in the floor ",
        "userDefined": false
      },
      {
        "text": "A1",
        "alias": "Floor",
        "meta": "@Floor",
        "userDefined": true
      },
      {
        "text": " in ",
        "userDefined": false
      },
      {
        "text": "building A",
        "alias": "Building",
        "meta": "@Building",
        "userDefined": true
      },
      {
        "text": " and I need a ",
        "userDefined": false
      },
      {
        "text": "walker",
        "alias": "asset_type",
        "meta": "@asset_type",
        "userDefined": true
      },
      {
        "text": ".",
        "userDefined": false
      }
    ],
    "isTemplate": false,
    "count": 0,
    "updated": 0
  },
  {
    "id": "74521be3-3356-470c-b893-a3189e00d24c",
    "data": [
      {
        "text": "Where is the closest ",
        "userDefined": false
      },
      {
        "text": "mattress",
        "alias": "asset_type",
        "meta": "@asset_type",
        "userDefined": true
      },
      {
        "text": " to ",
        "userDefined": false
      },
      {
        "text": "A",
        "alias": "Building",
        "meta": "@Building",
        "userDefined": true
      },
      {
        "text": " ?",
        "userDefined": false
      }
    ],
    "isTemplate": false,
    "count": 0,
    "updated": 0
  },
  {
    "id": "3f83981c-b111-488b-a6b6-f3c95cd7b64b",
    "data": [
      {
        "text": "Can I have ",
        "userDefined": false
      },
      {
        "text": "a",
        "alias": "Asset_quantity",
        "meta": "@sys.number",
        "userDefined": true
      },
      {
        "text": " ",
        "userDefined": false
      },
      {
        "text": "monitor",
        "alias": "asset_type",
        "meta": "@asset_type",
        "userDefined": false
      },
      {
        "text": " ?",
        "userDefined": false
      }
    ],
    "isTemplate": false,
    "count": 0,
    "updated": 0
  },
  {
    "id": "1c5b0397-f5d8-4248-91bb-52500855b4c3",
    "data": [
      {
        "text": "Get me ",
        "userDefined": false
      },
      {
        "text": "a",
        "alias": "Asset_quantity",
        "meta": "@sys.number",
        "userDefined": true
      },
      {
        "text": " ",
        "userDefined": false
      },
      {
        "text": "wheel chair",
        "alias": "asset_type",
        "meta": "@asset_type",
        "userDefined": true
      },
      {
        "text": ".",
        "userDefined": false
      }
    ],
    "isTemplate": false,
    "count": 0,
    "updated": 0
  },
  {
    "id": "5b0fe997-2995-4277-90b5-2bba8e8b88c9",
    "data": [
      {
        "text": "Find ",
        "userDefined": false
      },
      {
        "text": "three",
        "alias": "Asset_quantity",
        "meta": "@sys.number",
        "userDefined": false
      },
      {
        "text": " ",
        "userDefined": false
      },
      {
        "text": "monitors",
        "alias": "asset_type",
        "meta": "@asset_type",
        "userDefined": true
      },
      {
        "text": "  in ",
        "userDefined": false
      },
      {
        "text": "building A",
        "alias": "Building",
        "meta": "@Building",
        "userDefined": true
      },
      {
        "text": " on the ",
        "userDefined": false
      },
      {
        "text": "floor A1",
        "alias": "Floor",
        "meta": "@Floor",
        "userDefined": true
      },
      {
        "text": ".",
        "userDefined": false
      }
    ],
    "isTemplate": false,
    "count": 0,
    "updated": 0
  },
  {
    "id": "98de4791-6988-466f-8c2f-a0aa00805397",
    "data": [
      {
        "text": "I m looking for a  ",
        "userDefined": false
      },
      {
        "text": "computer",
        "alias": "asset_type",
        "meta": "@asset_type",
        "userDefined": true
      },
      {
        "text": " in ",
        "userDefined": false
      },
      {
        "text": "B03",
        "alias": "Building",
        "meta": "@Building",
        "userDefined": false
      },
      {
        "text": " on the ",
        "userDefined": false
      },
      {
        "text": "A1 floor",
        "alias": "Floor",
        "meta": "@Floor",
        "userDefined": true
      },
      {
        "text": ".",
        "userDefined": false
      }
    ],
    "isTemplate": false,
    "count": 0,
    "updated": 0
  },
  {
    "id": "ace0a2f2-5eaf-4034-a81f-3cefe3831ca3",
    "data": [
      {
        "text": "Is there any available ",
        "userDefined": false
      },
      {
        "text": "pump",
        "alias": "asset_type",
        "meta": "@asset_type",
        "userDefined": true
      },
      {
        "text": " in ",
        "userDefined": false
      },
      {
        "text": "building A",
        "alias": "Building",
        "meta": "@Building",
        "userDefined": true
      },
      {
        "text": " on the ",
        "userDefined": false
      },
      {
        "text": "floor A1",
        "alias": "Floor",
        "meta": "@Floor",
        "userDefined": true
      },
      {
        "text": "?",
        "userDefined": false
      }
    ],
    "isTemplate": false,
    "count": 0,
    "updated": 0
  },
  {
    "id": "746d768f-453e-4f27-b0d6-57470b3787d2",
    "data": [
      {
        "text": "Where can I find ",
        "userDefined": false
      },
      {
        "text": "a",
        "alias": "Asset_quantity",
        "meta": "@sys.number",
        "userDefined": true
      },
      {
        "text": " ",
        "userDefined": false
      },
      {
        "text": "pallet",
        "alias": "asset_type",
        "meta": "@asset_type",
        "userDefined": true
      },
      {
        "text": "?",
        "userDefined": false
      }
    ],
    "isTemplate": false,
    "count": 0,
    "updated": 0
  },
  {
    "id": "078be528-bcbd-442d-a170-7d5d03b8c8f0",
    "data": [
      {
        "text": "Find ",
        "userDefined": false
      },
      {
        "text": "a",
        "alias": "Asset_quantity",
        "meta": "@sys.number",
        "userDefined": true
      },
      {
        "text": " ",
        "userDefined": false
      },
      {
        "text": "recorder",
        "alias": "asset_type",
        "meta": "@asset_type",
        "userDefined": true
      },
      {
        "text": ".",
        "userDefined": false
      }
    ],
    "isTemplate": false,
    "count": 0,
    "updated": 0
  },
  {
    "id": "01c7a70d-51f3-4af2-9149-7c3fd0fc4e9d",
    "data": [
      {
        "text": "Is there any available ",
        "userDefined": false
      },
      {
        "text": "stretcher",
        "alias": "asset_type",
        "meta": "@asset_type",
        "userDefined": true
      },
      {
        "text": "?",
        "userDefined": false
      }
    ],
    "isTemplate": false,
    "count": 0,
    "updated": 0
  },
  {
    "id": "0d0fbffe-c2c6-43c9-9054-482306a4232d",
    "data": [
      {
        "text": "I m looking for ",
        "userDefined": false
      },
      {
        "text": "a",
        "alias": "Asset_quantity",
        "meta": "@sys.number",
        "userDefined": true
      },
      {
        "text": "  ",
        "userDefined": false
      },
      {
        "text": "walker",
        "alias": "asset_type",
        "meta": "@asset_type",
        "userDefined": true
      }
    ],
    "isTemplate": false,
    "count": 0,
    "updated": 0
  },
  {
    "id": "76143fb2-5c18-4a41-b89b-550201b098da",
    "data": [
      {
        "text": "I need ",
        "userDefined": false
      },
      {
        "text": "two",
        "alias": "Asset_quantity",
        "meta": "@sys.number",
        "userDefined": false
      },
      {
        "text": " ",
        "userDefined": false
      },
      {
        "text": "stretchers",
        "alias": "asset_type",
        "meta": "@asset_type",
        "userDefined": true
      }
    ],
    "isTemplate": false,
    "count": 0,
    "updated": 0
  }
]